Account,House#,Street Name,Section,Lot #(s),Total Lots,Notes
02 748 09441600,702,WHITNEYS LANDING DR,2,463,1,
02 748 07661500,703,WHITNEYS LANDING DR,2,438,1,
02 748 12063750,704,WHITNEYS LANDING DR,2,464,1,
02 748 05423500,705,WHITNEYS LANDING DR,2,439,1,
02 748 12063100,706,WHITNEYS LANDING DR,2,465,1,
02 748 11628300,707,WHITNEYS LANDING DR,2,440,1,
02 748 07853600,708,WHITNEYS LANDING DR,2,466,1,
02 748 08747900,709,WHITNEYS LANDING DR,2,441,1,
02 748 11373700,710,WHITNEYS LANDING DR,2,467,1,
02 748 05014800,711,WHITNEYS LANDING DR,2,442,1,
02 748 12047500,712,WHITNEYS LANDING DR,2,468,1,
02 748 08016900,713,WHITNEYS LANDING DR,2,443,1,
02 748 08213800,714,WHITNEYS LANDING DR,2,469,1,
02 748 08016100,715,WHITNEYS LANDING DR,2,444,1,
02 748 04846350,717,WHITNEYS LANDING DR,2,445,1,
02 748 04602600,720,WHITNEYS LANDING DR,2,319,1,
02 748 04602500,722,WHITNEYS LANDING DR,2,318,1,
02 748 04774200,723,WHITNEYS LANDING DR,2,416,1,
02 748 08172000,726,WHITNEYS LANDING DR,2,"316, 317",2,
02 748 02758008,728,WHITNEYS LANDING DR,2,315,1,
02 748 10118405,730,WHITNEYS LANDING DR,2,314,1,
02 748 09143000,732,WHITNEYS LANDING DR,2,313,1,
02 748 01709550,734,WHITNEYS LANDING DR,2,312,1,
02 748 01859940,736,WHITNEYS LANDING DR,2,311,1,
02 748 06467520,738,WHITNEYS LANDING DR,2,310,1,
02 748 09465850,740,WHITNEYS LANDING DR,2,309,1,
02 748 11803500,744,WHITNEYS LANDING DR,2,"307, 308",2,
02 748 02494900,746,WHITNEYS LANDING DR,2,306,1,
02 748 10236523,748,WHITNEYS LANDING DR,2,305,1,
02 748 08682220,750,WHITNEYS LANDING DR,1,304,1,
02 748 07720416,752,WHITNEYS LANDING DR,1,303,1,
02 748 10434900,753,WHITNEYS LANDING DR,1,"159, 160",2,
02 748 07720417,754,WHITNEYS LANDING DR,1,302,1,
02 748 04408602,755,WHITNEYS LANDING DR,1,161,1,
02 748 04359678,756,WHITNEYS LANDING DR,1,301,1,
02 748 00527806,757,WHITNEYS LANDING DR,1,162,1,
02 748 00509985,758,WHITNEYS LANDING DR,1,300,1,
02 748 08927780,759,WHITNEYS LANDING DR,1,163,1,
02 748 03756101,760,WHITNEYS LANDING DR,1,299,1,
02 748 03183680,761,WHITNEYS LANDING DR,1,164,1,
02 748 03756100,762,WHITNEYS LANDING DR,1,298,1,
02 748 07528575,763,WHITNEYS LANDING DR,1,165,1,
02 748 03872200,764,WHITNEYS LANDING DR,1,297,1,
02 748 06227225,765,WHITNEYS LANDING DR,1,166,1,
02 748 03689375,766,WHITNEYS LANDING DR,1,296,1,
02 748 03523051,767,WHITNEYS LANDING DR,1,167,1,
02 748 03648430,768,WHITNEYS LANDING DR,1,295,1,
02 748 10823200,770,WHITNEYS LANDING DR,1,294,1,
02 748 07902000,771,WHITNEYS LANDING DR,1,"168, 169",2,
02 748 90043994,772,WHITNEYS LANDING DR,1,293,1,293R
02 748 12655610,773,WHITNEYS LANDING DR,1,170,1,
02 748 11375560,775,WHITNEYS LANDING DR,1,171,1,
02 748 90043727,776,WHITNEYS LANDING DR,1,291,1,291R
02 748 03980277,777,WHITNEYS LANDING DR,1,172,1,
02 748 90059857,778,WHITNEYS LANDING DR,1,289,1,289R
02 748 90018843,779,WHITNEYS LANDING DR,1,173,1,173R
02 000 90050936,1035,MILLER CIR,1,,1,
02 748 00204750,1021,MILLER CIR,1,95,1,
02 748 00279900,1000,MILLER CIR,1,131,1,
02 748 00280000,998,MILLER CIR,1,132,1,
02 748 02265203,1015,MILLER CIR,1,113,1,
02 748 03206705,1038,MILLER CIR,1,158,1,
02 748 03959720,1027,MILLER CIR,1,"1, 2",2,
02 748 03980800,1022,MILLER CIR,1,"120, 121",2,
02 748 04359670,1018,MILLER CIR,1,122,1,
02 748 04359673,1016,MILLER CIR,1,123,1,
02 748 04400608,1006,MILLER CIR,1,128,1,
02 748 04713760,1014,MILLER CIR,1,124,1,
02 748 05087600,993,MILLER CIR,1,77,1,
02 748 05358825,1012,MILLER CIR,1,125,1,
02 748 07072520,996,MILLER CIR,1,133,1,
02 748 07199515,995,MILLER CIR,1,78,1,
02 748 07550305,999,MILLER CIR,1,"59, 79",2,
02 748 08059218,1002,MILLER CIR,1,130,1,
02 748 08423410,1026,MILLER CIR,1,118,1,
02 748 08543600,1004,MILLER CIR,1,129,1,
02 748 08652550,1034,MILLER CIR,1,114,1,
02 748 09247003,1036,MILLER CIR,1,157,1,
02 748 09672900,987,MILLER CIR,1,74,1,
02 748 09843610,1008,MILLER CIR,1,127,1,
02 748 10059700,1024,MILLER CIR,1,119,1,
02 748 10090529,1030,MILLER CIR,1,116,1,
02 748 10989404,1028,MILLER CIR,1,117,1,
02 748 11314600,1032,MILLER CIR,1,115,1,
02 748 11766700,1010,MILLER CIR,1,126,1,
02 748 12183100,994,MILLER CIR,1,134,1,
02 748 12625000,989,MILLER CIR,1,76,1,
02 748 10173140,750,BARGER DR,1,188,1,
02 748 11373650,752,BARGER DR,1,187,1,
02 748 04184200,754,BARGER DR,1,186,1,
02 748 06467300,755,BARGER DR,1,156,1,
02 748 07833008,756,BARGER DR,1,185,1,
02 748 11046300,757,BARGER DR,1,155,1,
02 748 07833006,758,BARGER DR,1,184,1,
02 748 00599385,759,BARGER DR,1,154,1,
02 748 00167690,760,BARGER DR,1,183,1,
02 748 02385921,762,BARGER DR,1,182,1,
02 748 05272400,763,BARGER DR,1,153,1,
02 748 01140450,764,BARGER DR,1,181,1,
02 748 08815900,766,BARGER DR,1,180,1,
02 748 03880750,768,BARGER DR,1,179,1,
02 748 05110000,770,BARGER DR,1,178,1,
02 748 12766800,771,BARGER DR,1,207,1,
02 748 05093200,772,BARGER DR,1,177,1,
02 748 08579300,773,BARGER DR,1,208,1,
02 748 00260200,774,BARGER DR,1,176,1,
02 748 01412850,775,BARGER DR,1,209,1,
02 748 90100026,1001,DOCKSER DR,1,52,1,
02 748 09493815,1003,DOCKSER DR,1,53,1,
02 748 01468600,1005,DOCKSER DR,1,54,1,
02 748 01467250,1007A,DOCKSER DR,1,56,0.5,Partial Lot 56
02 748 01467200,1007,DOCKSER DR,1,55,1,
02 748 90002574,1009,DOCKSER DR,1,"57, 56",1.5,Partial Lot 56
02 748 00006000,1010,DOCKSER DR,1,135,1,
02 748 07586800,1011,DOCKSER DR,1,58,1,
02 748 07523400,1013,DOCKSER DR,1,189,1,
02 748 09196008,1014,DOCKSER DR,1,136,1,
02 748 11043650,1015,DOCKSER DR,1,190,1,
02 748 00272050,1016,DOCKSER DR,1,137,1,
02 748 11944800,1017,DOCKSER DR,1,191,1,
02 748 12567809,1018,DOCKSER DR,1,138,1,
02 748 07298825,1019,DOCKSER DR,1,192,1,
02 748 11374999,1020,DOCKSER DR,1,139,1,
02 748 00400405,1021,DOCKSER DR,1,193,1,
02 748 01960722,1022,DOCKSER DR,1,140,1,
02 748 02392630,1023,DOCKSER DR,1,194,1,
02 748 05366075,1024,DOCKSER DR,1,141,1,
02 748 02756600,1025,DOCKSER DR,1,195,1,
02 748 01135600,1026,DOCKSER DR,1,142,1,
02 748 08217950,1027,DOCKSER DR,1,196,1,
02 748 00232420,1028,DOCKSER DR,1,143,1,
02 748 08217300,1029,DOCKSER DR,1,"197, 198",2,
02 748 04359400,1030,DOCKSER DR,1,144,1,
02 748 07050400,1032,DOCKSER DR,1,145,1,
02 748 03233492,1033,DOCKSER DR,1,199,1,
02 748 01354355,1034,DOCKSER DR,1,146,1,
02 748 10022200,1035,DOCKSER DR,1,200,1,
02 748 00599390,1036,DOCKSER DR,1,147,1,
02 748 07662100,1037,DOCKSER DR,1,"201, 202",2,
02 748 08758510,1038,DOCKSER DR,1,148,1,
02 748 00131603,1040,DOCKSER DR,1,149,1,
02 748 11394750,1041,DOCKSER DR,1,203,1,
02 748 10546300,1042,DOCKSER DR,1,150,1,
02 748 11394700,1043,DOCKSER DR,1,204,1,
02 748 10124925,1044,DOCKSER DR,1,151,1,
02 748 03523000,1045,DOCKSER DR,1,"205, 206",2,
02 748 04264300,1046,DOCKSER DR,1,152,1,
02 000 90050935,920,WATERVIEW DR,1,,1,3.61 AC
02 748 00523700,929,WATERVIEW DR,1,"102, 103",1.5,Partial Lot 103
02 748 00599398,976,WATERVIEW DR,1,38,1,
02 748 01369700,974,WATERVIEW DR,1,37,1,
02 748 01384575,977,WATERVIEW DR,1,70,1,
02 748 01416800,978,WATERVIEW DR,1,39,1,
02 748 01417200,979,WATERVIEW DR,1,71,1,
02 748 01928925,922,WATERVIEW DR,1,11,1,
02 748 01928928,908,WATERVIEW DR,1,6,1,
02 748 01928930,910,WATERVIEW DR,1,"7, 8",2,
02 748 01930600,914,WATERVIEW DR,1,9,1,
02 748 01930700,916,WATERVIEW DR,1,10,1,
02 748 02820275,984,WATERVIEW DR,1,"44, 45",2,
02 748 02955310,980,WATERVIEW DR,1,40,1,
02 748 03108375,964,WATERVIEW DR,1,32,1,
02 748 03108433,966,WATERVIEW DR,1,33,1,
02 748 03119799,902,WATERVIEW DR,1,3,1,
02 748 03333300,960,WATERVIEW DR,1,"29, 30",2,
02 748 03816450,996,WATERVIEW DR,1,50,1,
02 748 03867050,972,WATERVIEW DR,1,36,1,
02 748 04048800,969,WATERVIEW DR,1,66,1,
02 748 04048825,967,WATERVIEW DR,1,65,1,
02 748 04079600,951,WATERVIEW DR,1,86,1,
02 748 04226310,998,WATERVIEW DR,1,51,1,
02 748 04269800,940,WATERVIEW DR,1,20,1,
02 748 05019000,917,WATERVIEW DR,1,99,1,
02 748 05259700,921,WATERVIEW DR,1,100,1,
02 748 05259800,925,WATERVIEW DR,1,101,1,
02 748 06514475,992,WATERVIEW DR,1,48,1,
02 748 06907550,962,WATERVIEW DR,1,31,1,
02 748 07059120,924,WATERVIEW DR,1,12,1,
02 748 07069600,990,WATERVIEW DR,1,47,1,
02 748 07528600,998,WATERVIEW DR,1,46,1,
02 748 07755500,942,WATERVIEW DR,1,21,1,
02 748 07792006,934,WATERVIEW DR,1,17,1,
02 748 07911200,968,WATERVIEW DR,1,34,1,
02 748 07912800,970,WATERVIEW DR,1,35,1,
02 748 08020605,928,WATERVIEW DR,1,14,1,
02 748 08216600,982,WATERVIEW DR,1,43,1,
02 748 08287305,941,WATERVIEW DR,1,107,1,
02 748 08288700,944,WATERVIEW DR,1,22,1,22R
02 748 08570820,909,WATERVIEW DR,1,97,1,
02 748 08635531,983,WATERVIEW DR,1,"72, 73",2,
02 748 08645050,937,WATERVIEW DR,1,105,1,
02 748 09098035,930,WATERVIEW DR,1,15,1,
02 748 09579243,971,WATERVIEW DR,1,"67, 68",2,
02 748 10189295,906,WATERVIEW DR,1,5,1,
02 748 10293400,932,WATERVIEW DR,1,16,1,
02 748 10293500,935,WATERVIEW DR,1,104,1,
02 748 10293550,933,WATERVIEW DR,1,103,0.5,Partial Lot 103
02 748 10451430,963,WATERVIEW DR,1,89,1,
02 748 10451500,959,WATERVIEW DR,1,88,1,
02 748 10555798,913,WATERVIEW DR,1,98,1,
02 748 10994520,905,WATERVIEW DR,1,96,1,
02 748 11373655,994,WATERVIEW DR,1,94,1,
02 748 11906300,936,WATERVIEW DR,1,18,1,
02 748 11906500,939,WATERVIEW DR,1,106,1,
02 748 11942300,975,WATERVIEW DR,1,69,1,
02 748 12249000,965,WATERVIEW DR,1,64,1,
02 748 12363845,938,WATERVIEW DR,1,19,1,
02 748 01369500,702,LATHAM DR,1,90,1,
02 748 03763380,703,LATHAM DR,1,63,1,
02 748 01369625,704,LATHAM DR,1,91,1,
02 748 10831600,705,LATHAM DR,1,62,1,
02 748 08905400,706,LATHAM DR,1,92,1,
02 748 07720415,707,LATHAM DR,1,61,1,
02 748 07266700,708,LATHAM DR,1,93,1,
02 748 07550310,709,LATHAM DR,1,60,1,
02 748 02420730,710,LATHAM DR,1,94,1,
02 748 10555900,702,MCCRONE DR,1,108,1,
02 748 07550323,703,MCCRONE DR,1,83,1,
02 748 05067655,704,MCCRONE DR,1,109,1,
02 748 10481800,705,MCCRONE DR,1,82,1,
02 748 11710800,706,MCCRONE DR,1,110,1,
02 748 07266600,707,MCCRONE DR,1,81,1,
02 748 08922480,708,MCCRONE DR,1,111,1,
02 748 10145801,709,MCCRONE DR,1,80,1,
02 748 07791700,710,MCCRONE DR,1,112,1,
02 748 00294025,948,TIOGA LN,1,24,1,24R
02 748 01714910,950,TIOGA LN,1,25,1,
02 748 06514625,952,TIOGA LN,1,26,1,
02 748 03336200,954,TIOGA LN,1,27,1,
02 748 03334800,956,TIOGA LN,1,28,1,
02 004 08836800,1001,OMAR DR,3,34,1,
02 748 04342700,1002,OMAR DR,1,279,1,
02 748 04342800,1004,OMAR DR,1,280,1,
02 004 90049492,1007,OMAR DR,3,36,1,36R
02 748 04202800,1008,OMAR DR,1,241,1,
02 748 01563040,1010,OMAR DR,1,240,1,
02 748 11261000,1012,OMAR DR,1,239,1,
02 748 11260900,1014,OMAR DR,1,238,1,
02 748 12728981,1016,OMAR DR,1,237,1,
02 748 12728977,1018,OMAR DR,1,236,1,
02 748 04347000,1029,OMAR DR,3,1000,1,
02 004 05254975,1030,OMAR DR,1,,1,
02 748 90212693,1031,OMAR DR,3,1001,1,
02 748 11159503,1032,OMAR DR,1,231,1,
02 748 90041162,1033,OMAR DR,3,1002,1,1002R
02 748 10368900,1034,OMAR DR,1,230,1,
02 748 90093021,1035,OMAR DR,3,1003,1,1003R
02 748 00527825,1036,OMAR DR,1,229,1,
02 748 02221600,1038,OMAR DR,1,228,1,
02 748 90041161,1039,OMAR DR,3,"104, 105",2,
02 748 90033050,1040,OMAR DR,1,227,1,
02 748 00120297,1041,OMAR DR,3,1006,1,
02 748 01945500,1042,OMAR DR,1,226,1,
02 748 07040600,1043,OMAR DR,3,1007,1,
02 748 07547910,1044,OMAR DR,1,225,1,
02 748 06256410,1046,OMAR DR,1,224,1,
02 748 00095900,1047,OMAR DR,3,"1008, 1009",2,
02 748 12429900,1048,OMAR DR,1,223,1,
02 748 11306000,1049,OMAR DR,3,1010,1,
02 748 06700275,1050,OMAR DR,1,222,1,
02 748 07658000,1051,OMAR DR,3,1011,1,
02 748 07241600,1052,OMAR DR,1,221,1,
02 748 07367900,1053,OMAR DR,3,1012,1,
02 748 90030152,1054,OMAR DR,1,220,1,
02 748 04392721,1055,OMAR DR,3,1013,1,
02 748 90030153,1056,OMAR DR,1,219,1,
02 748 90048685,1057,OMAR DR,3,1014,1,
02 748 07241400,1058,OMAR DR,1,218,1,
02 748 90048684,1059,OMAR DR,3,1015,1,
02 748 08217325,1060,OMAR DR,1,217,1,
02 748 09662200,1061,OMAR DR,3,1016,1,
02 748 08728650,1062,OMAR DR,1,216,1,
02 748 11610350,1063,OMAR DR,3,1017,1,
02 748 02820290,1064,OMAR DR,1,215,1,
02 748 01354850,1065,OMAR DR,3,1018,1,
02 748 11628200,1066,OMAR DR,1,214,1,
02 748 02991990,1067,OMAR DR,3,1019,1,
02 748 12074700,1068,OMAR DR,1,"212, 213",2,
02 748 06860400,1069,OMAR DR,3,1020,1,
02 748 03123560,1071,OMAR DR,3,1021,1,
02 748 05361305,1072,OMAR DR,1,211,1,
02 748 12395700,1073,OMAR DR,3,1022,1,
02 748 01863450,1074,OMAR DR,1,210,1,
02 748 02392875,1075,OMAR DR,3,1023,1,
02 748 11919083,1077,OMAR DR,3,1024,1,
02 748 03763977,1079,OMAR DR,3,1025,1,
02 748 12334700,1080,OMAR DR,1,175,1,175R
02 748 11993600,1000,SHORE VIEW CIR,1,277,1,
02 748 09617593,1001,SHORE VIEW CIR,1,278,1,
02 748 11993500,1002,SHORE VIEW CIR,1,276,1,
02 748 02385600,1004,SHORE VIEW CIR,1,275,1,
02 748 10732200,1006,SHORE VIEW CIR,1,"273, 274",2,
02 748 08678090,1010,SHORE VIEW CIR,1,"272, 271",1.5,Partial Lot 271
02 748 07242600,1012,SHORE VIEW CIR,1,"270, 271",1.5,Partial Lot 271
02 748 03329200,1013,SHORE VIEW CIR,1,286,1,
02 748 08807008,1014,SHORE VIEW CIR,1,269,1,
02 748 08807440,1016,SHORE VIEW CIR,1,268,1,
02 748 03328830,1017,SHORE VIEW CIR,1,285,1,
02 748 11959500,1018,SHORE VIEW CIR,1,267,1,
02 748 07250750,1020,SHORE VIEW CIR,1,266,1,
02 748 03091025,1021,SHORE VIEW CIR,1,284,1,
02 748 03418815,1022,SHORE VIEW CIR,1,265,1,
02 748 08870150,1024,SHORE VIEW CIR,1,264,1,
02 748 03029650,1025,SHORE VIEW CIR,1,283,1,
02 748 04830165,1026,SHORE VIEW CIR,1,263,1,
02 748 07816200,1028,SHORE VIEW CIR,1,"262, 258",1.5,Partial Lot 258
02 748 03984150,1029,SHORE VIEW CIR,1,282,1,
02 748 02724912,1032A,SHORE VIEW CIR,1,258,0.5,Partial Lot 258
02 748 02724913,1032,SHORE VIEW CIR,1,259,1,
02 748 06493200,1034,SHORE VIEW CIR,1,260,1,
02 748 06493900,1036,SHORE VIEW CIR,1,261,1,
02 748 09660000,1038,SHORE VIEW CIR,1,242,1,
02 748 12737000,1039,SHORE VIEW CIR,1,281,1,
02 748 01867830,1009,SHORE END DR,1,243,1,
02 748 10922555,1011,SHORE END DR,1,244,1,
02 748 09644600,1026,SHORE END DR,1,251,1,
02 748 03056350,1028,SHORE END DR,1,250,1,
02 748 03331910,1000,TUDOR DR,2,408,1,
02 748 04254600,1001,TUDOR DR,2,423,1,
02 748 02820277,1002,TUDOR DR,2,409,1,
02 748 08832603,1004,TUDOR DR,2,410,1,
02 748 07877200,1005,TUDOR DR,2,422,1,
02 748 08832600,1006,TUDOR DR,2,411,1,
02 748 04713650,1008,TUDOR DR,2,412,1,
02 748 04713655,1010,TUDOR DR,2,413,1,
02 748 00271025,1011,TUDOR DR,2,"420, 421",2,
02 748 10721100,1012,TUDOR DR,2,414,1,
02 748 12759603,1013,TUDOR DR,2,419,1,
02 748 10721200,1014,TUDOR DR,2,415,1,
02 748 06517005,1015,TUDOR DR,2,418,1,
02 748 06263600,1016,TUDOR DR,2,417,1,
02 748 01393283,1017,TUDOR DR,2,446,1,
02 748 03882200,1020,TUDOR DR,2,320,1,
02 748 08391703,1021,TUDOR DR,2,447,1,
02 748 08100040,1022,TUDOR DR,2,321,1,
02 748 90022630,1023,TUDOR DR,2,448,1,
02 748 07353505,1024,TUDOR DR,2,322,1,
02 748 90022631,1025,TUDOR DR,2,449,1,
02 748 03965600,1026,TUDOR DR,2,323,1,
02 748 10028612,1028,TUDOR DR,2,324,1,
02 748 06554809,1030,TUDOR DR,2,325,1,
02 748 09265300,1032,TUDOR DR,2,326,1,
02 748 09265290,1034,TUDOR DR,2,327,1,
02 748 07796700,1035,TUDOR DR,2,471,1,
02 748 11867805,1036,TUDOR DR,2,328,1,
02 748 11867806,1038,TUDOR DR,2,329,1,
02 748 03867000,1039,TUDOR DR,2,472,1,
02 748 07946400,1040,TUDOR DR,2,330,1,
02 748 07946415,1042,TUDOR DR,2,331,1,
02 748 00424500,1043,TUDOR DR,2,473,1,
02 748 07998200,1044,TUDOR DR,2,332,1,
02 748 08929275,1046,TUDOR DR,2,333,1,
02 748 08027552,1047,TUDOR DR,2,474,1,
02 748 90023832,1048,TUDOR DR,2,334,1,
02 748 06940500,1049,TUDOR DR,2,475,1,
02 748 90023833,1050,TUDOR DR,2,335,1,
02 748 03959800,1051,TUDOR DR,2,476,1,
02 748 03864708,1052,TUDOR DR,2,336,1,
02 748 03959900,1053,TUDOR DR,2,477,1,
02 748 03610905,1054,TUDOR DR,2,337,1,
02 748 08742323,1055,TUDOR DR,2,"478, 479",2,
02 748 09189940,1056,TUDOR DR,2,338,1,
02 748 07237300,1058,TUDOR DR,2,"339, 340",2,
02 748 10379750,1059,TUDOR DR,2,480,1,
02 748 11764000,1061,TUDOR DR,2,481,1,
02 748 03108389,1062,TUDOR DR,2,341,1,
02 748 11764200,1063,TUDOR DR,2,482,1,
02 748 03108390,1064,TUDOR DR,2,342,1,
02 748 10829780,1067,TUDOR DR,2,343,1,
02 748 90007395,1101,SEVERNVIEW DR,2,483,1,
02 748 11341365,1102,SEVERNVIEW DR,2,344,1,
02 748 90007396,1103,SEVERNVIEW DR,2,484,1,
02 748 00472500,1104,SEVERNVIEW DR,2,345,1,
02 748 11803403,1106,SEVERNVIEW DR,2,346,1,
02 748 09504126,1107,SEVERNVIEW DR,2,485,1,
02 748 00271028,1108,SEVERNVIEW DR,2,347,1,
02 748 90003603,1110,SEVERNVIEW DR,2,348,1,
02 748 02855180,1111,SEVERNVIEW DR,2,486,1,
02 748 90003602,1112,SEVERNVIEW DR,2,349,1,
02 748 00301026,1114,SEVERNVIEW DR,2,350,1,
02 748 01498330,1115,SEVERNVIEW DR,2,487,1,
02 748 04578100,1116,SEVERNVIEW DR,2,351,1,
02 748 07048600,1118,SEVERNVIEW DR,2,352,1,
02 748 02855200,1119,SEVERNVIEW DR,2,488,1,
02 748 05362740,1120,SEVERNVIEW DR,2,353,1,
02 748 03265100,1123,SEVERNVIEW DR,2,503,1,
02 748 08220110,1124,SEVERNVIEW DR,2,354,1,
02 748 06425401,1126,SEVERNVIEW DR,2,355,1,
02 748 09661550,1127,SEVERNVIEW DR,2,504,1,
02 748 03873955,1128,SEVERNVIEW DR,2,356,1,
02 748 03873960,1130,SEVERNVIEW DR,2,357,1,
02 748 03763817,1131,SEVERNVIEW DR,2,505,1,
02 748 11745200,1132,SEVERNVIEW DR,2,358,1,
02 748 05389250,1134,SEVERNVIEW DR,2,359,1,
02 748 11056600,1135,SEVERNVIEW DR,2,506,1,
02 748 90006142,1136,SEVERNVIEW DR,2,360,1,
02 748 90006143,1138,SEVERNVIEW DR,2,361,1,
02 748 02820295,1139,SEVERNVIEW DR,2,507,1,
02 748 01385552,1141,SEVERNVIEW DR,2,508,1,
02 748 12238100,1142,SEVERNVIEW DR,2,364,1,
02 748 01544200,1143,SEVERNVIEW DR,2,509,1,
02 748 04089405,1144,SEVERNVIEW DR,2,365,1,
02 748 01546000,1145,SEVERNVIEW DR,2,510,1,
02 748 03197300,1146,SEVERNVIEW DR,2,366,1,
02 748 01544205,1147,SEVERNVIEW DR,2,511,1,
02 748 08328100,1148,SEVERNVIEW DR,2,"367, 368",1.5,Partial Lot 368
02 748 06514153,1149,SEVERNVIEW DR,2,512,1,
02 748 11009860,1150,SEVERNVIEW DR,2,"369, 368",1.5,Partial Lot 368
02 748 11684775,1151,SEVERNVIEW DR,2,513,1,
02 748 01822325,1152,SEVERNVIEW DR,2,370,1,
02 748 11684750,1153,SEVERNVIEW DR,2,514,1,
02 748 03406200,1154,SEVERNVIEW DR,2,371,1,371A
02 748 07033580,1155,SEVERNVIEW DR,2,515,1,
02 748 12249300,1156,SEVERNVIEW DR,2,372,1,Partial Lot 372
02 748 07367350,1157,SEVERNVIEW DR,2,516,1,
02 748 05362500,1159,SEVERNVIEW DR,2,517,1,
02 748 09132200,1163,SEVERNVIEW DR,2,518,1,
02 748 02986825,1166,SEVERNVIEW DR,2,"376, 377, 378",3,
02 748 01715100,1167,SEVERNVIEW DR,2,519,1,
02 748 90002560,1170,SEVERNVIEW DR,2,"379, 380",2,
02 748 90010116,1171,SEVERNVIEW DR,2,520,1,
02 748 90010115,1175,SEVERNVIEW DR,2,521,1,
02 748 04844585,1176,SEVERNVIEW DR,2,"381, 382",2,
02 748 03332000,1200,SEVERNVIEW DR,2,389,1,
02 748 10583475,1201,SEVERNVIEW DR,2,"433, 434",2,
02 748 07302415,1202,SEVERNVIEW DR,2,390,1,
02 748 10204760,1204,SEVERNVIEW DR,2,391,1,
02 748 07727115,1205,SEVERNVIEW DR,2,432,1,
02 748 11312005,1206,SEVERNVIEW DR,2,"392, 393",2,
02 748 07727125,1207,SEVERNVIEW DR,2,431,1,
02 748 11499600,1210,SEVERNVIEW DR,2,394,1,
02 748 08586205,1211,SEVERNVIEW DR,2,"429, 430",2,
02 748 00155400,1212,SEVERNVIEW DR,2,395,1,
02 748 09287600,1213,SEVERNVIEW DR,2,428,1,
02 748 11211200,1214,SEVERNVIEW DR,2,"396, 397",2,
02 748 08020600,1215,SEVERNVIEW DR,2,427,1,
02 748 00271027,1217,SEVERNVIEW DR,2,426,1,
02 748 11036900,1218,SEVERNVIEW DR,2,398,1,
02 748 12271880,1219,SEVERNVIEW DR,2,429,1,
02 748 10502300,1220,SEVERNVIEW DR,2,399,1,
02 748 00470800,1221,SEVERNVIEW DR,2,424,1,
02 748 08832700,1222,SEVERNVIEW DR,2,400,1,
02 748 00046600,1224,SEVERNVIEW DR,2,401,1,
02 748 10287905,1226,SEVERNVIEW DR,2,402,1,
02 748 03233200,1184,NANCY LN,2,386,1,
02 748 03763755,1188,NANCY LN,2,"387, 388",2,
02 748 08328200,1180,NANCY LN,2,"383, 384",2,
02 748 10205300,1182,NANCY LN,2,385,1,
02 748 05394200,1160,HAYMAN DR,2,"373, 374",2,
02 748 00299600,1162,HAYMAN DR,2,375,1,
02 748 07668520,703,OSER DR,2,489,1,
02 748 01945520,704,OSER DR,2,502,1,
02 748 08033700,705,OSER DR,2,490,1,
02 748 01495550,707,OSER DR,2,491,1,
02 748 08012900,708,OSER DR,2,501,1,
02 748 07803800,709,OSER DR,2,492,1,
02 748 90023254,711,OSER DR,2,493,1,
02 748 07924093,712,OSER DR,2,500,1,
02 748 90023253,713,OSER DR,2,494,1,
02 748 03789500,715,OSER DR,2,495,1,
02 748 09599600,716,OSER DR,2,455,1,
02 748 07055605,717,OSER DR,2,496,1,
02 748 01536403,718,OSER DR,2,454,1,
02 748 09884550,719,OSER DR,2,497,1,
02 748 03028900,720,OSER DR,2,453,1,
02 748 02112315,721,OSER DR,2,498,1,
02 748 90079968,722,OSER DR,2,452,1,
02 748 11232210,723,OSER DR,2,499,1,
02 748 09442943,724,OSER DR,2,451,1,
02 748 07130900,725,OSER DR,2,470,1,
02 748 07266300,726,OSER DR,2,450,1,
02 748 02903600,1010,JOYCE DR,2,456,1,
02 748 02957500,1008,JOYCE DR,2,425,1,
02 748 03038560,1021,JOYCE DR,2,458,1,
02 748 03075100,1015,JOYCE DR,2,461,1,
02 748 03075200,1013,JOYCE DR,2,462,1,
02 748 03229350,1025,JOYCE DR,2,456,1,
02 748 03233204,1009,JOYCE DR,2,437,1,
02 748 03984700,1006,JOYCE DR,2,"523, 524",2,
02 748 04232525,1012,JOYCE DR,2,527,1,
02 748 04745400,1023,JOYCE DR,2,457,1,
02 748 07550350,1014,JOYCE DR,2,528,1,
02 748 07550388,1005,JOYCE DR,2,435,1,
02 748 08034600,1026,JOYCE DR,2,534,1,
02 748 10059933,1007,JOYCE DR,2,436,1,
02 748 10274600,1017,JOYCE DR,2,460,1,
02 748 10274700,1019,JOYCE DR,2,459,1,
02 748 12197100,1020,JOYCE DR,2,531,1,
02 748 12197200,1022,JOYCE DR,2,532,1,
02 748 12581520,1028,JOYCE DR,2,535,1,
02 748 90004875,1018,JOYCE DR,2,530,1,
02 748 90004876,1016,JOYCE DR,2,529,1,
02 748 90059410,1002,JOYCE DR,2,522,1,
02 748 90059918,1024,JOYCE DR,2,533,1,
02 748 08727925,800,MINER RD,3,1068,1,
02 748 11387900,801,MINER RD,3,"1026, 1027",2,
02 748 01370330,802,MINER RD,3,1067,1,
02 748 04424908,804,MINER RD,3,1066,1,
02 748 07721755,806,MINER RD,3,1065,1,
02 748 11475300,807,MINER RD,3,1028,1,
02 748 10116300,808,MINER RD,3,"1064, 1063",1.5,Partial Lot 1063
02 748 12306100,809,MINER RD,3,1029,1,
02 748 00346075,810,MINER RD,3,"1062, 1063",1.5,Partial Lot 1063
02 748 08171715,811,MINER RD,3,1030,1,
02 748 00051820,812,MINER RD,3,1061,1,
02 748 10774280,813,MINER RD,3,1031,1,
02 748 04359675,814,MINER RD,3,1060,1,
02 748 10774290,815,MINER RD,3,1032,1,
02 748 03196825,816,MINER RD,3,1059,1,
02 748 03057613,817,MINER RD,3,1033,1,
02 748 03196800,818,MINER RD,3,1058,1,
02 748 10204755,821,MINER RD,3,1051,1,
02 748 11374998,822,MINER RD,3,1056,1,
02 748 09862407,823,MINER RD,3,"1052, 1053",2,
02 748 09862555,824,MINER RD,3,1055,1,
02 748 09869300,826,MINER RD,3,1054,1,
02 748 11374997,1060,OVERCREST DR,3,1040,1,
02 748 11374996,1061,OVERCREST DR,3,1041,1,
02 748 11341378,1062,OVERCREST DR,3,1039,1,
02 748 04830300,1063,OVERCREST DR,3,1042,1,
02 748 00051815,1064,OVERCREST DR,3,1038,1,
02 748 90049182,1065,OVERCREST DR,3,"1043, 1044",2,
02 748 10017058,1066,OVERCREST DR,3,1037,1,
02 748 90005393,1068,OVERCREST DR,3,1036,1,
02 748 12525850,1069,OVERCREST DR,3,1045,1,
02 748 90005394,1070,OVERCREST DR,3,1035,1,
02 748 04151000,1071,OVERCREST DR,3,1046,1,
02 748 00480753,1072,OVERCREST DR,3,1034,1,
02 748 02227359,1073,OVERCREST DR,3,1047,1,
02 748 10460205,1075,OVERCREST DR,3,"1048, 1049",1.5,Partial Lot 1049
02 748 07214110,1077,OVERCREST DR,3,"1050, 1051",1.5,Partial Lot 1051
02 748 06569655,1009,PLUM CREEK DR,4,1190,1,
02 748 10797840,1013,PLUM CREEK DR,4,1191,1,
02 748 03328815,1014,PLUM CREEK DR,4,1111,1,
02 748 02906005,1016,PLUM CREEK DR,4,1110,1,
02 748 07266400,1018,PLUM CREEK DR,4,1109,1,
02 748 90098631,1020,PLUM CREEK DR,4,1108,1,
02 748 11960500,1021,PLUM CREEK DR,4,1149,1,
02 748 02736300,1022,PLUM CREEK DR,4,1107,1,
02 748 02735899,1024,PLUM CREEK DR,4,"1105, 1106",2,
02 748 04034763,1025,PLUM CREEK DR,4,1148,1,
02 748 10943800,1026,PLUM CREEK DR,4,1104,1,
02 748 08902117,1028,PLUM CREEK DR,4,1103,1,1103R
02 748 02790100,1029,PLUM CREEK DR,4,1147,1,
02 748 08902120,1032,PLUM CREEK DR,4,1101,1,1101R
02 748 06840105,1033,PLUM CREEK DR,4,1146,1,
02 748 09193850,1034,PLUM CREEK DR,4,1100,1,
02 748 11208300,1036,PLUM CREEK DR,4,1099,1,
02 748 00531500,1037,PLUM CREEK DR,4,1145,1,
02 748 04218500,1038,PLUM CREEK DR,4,1098,1,
02 748 11374988,1039,PLUM CREEK DR,4,1144,1,
02 748 09920408,1040,PLUM CREEK DR,4,1097,1,
02 748 01385275,1041,PLUM CREEK DR,4,1143,1,
02 748 11253500,1042,PLUM CREEK DR,4,1096,1,
02 748 03518200,1043,PLUM CREEK DR,4,1142,1,
02 748 11253700,1044,PLUM CREEK DR,4,1095,1,
02 748 00527813,1045,PLUM CREEK DR,4,1141,1,
02 748 90003598,1046,PLUM CREEK DR,4,1094,1,
02 748 02087800,1047,PLUM CREEK DR,4,1140,1,
02 748 90003599,1048,PLUM CREEK DR,4,1093,1,
02 748 06633600,1049,PLUM CREEK DR,4,1139,1,
02 748 90025660,1050,PLUM CREEK DR,4,1092,1,
02 748 07743950,1053,PLUM CREEK DR,4,1138,1,
02 748 90048895,1054,PLUM CREEK DR,4,"1089, 1090, 1091",3,
02 748 00480200,1057,PLUM CREEK DR,4,1137,1,
02 748 90009877,1058,PLUM CREEK DR,4,1088,1,
02 748 07107660,1060,PLUM CREEK DR,4,1087,1,
02 748 00226510,1061,PLUM CREEK DR,4,1136,1,
02 748 09650900,1062,PLUM CREEK DR,4,1086,1,
02 748 04293928,1064A,PLUM CREEK DR,4,1084,0.5,Partial Lot 1084
02 748 90015679,1064,PLUM CREEK DR,4,"1085, 1084",1.5,Partial Lot 1084
02 748 04293925,1066,PLUM CREEK DR,4,1083,1,
02 748 04232500,1067,PLUM CREEK DR,4,1176,1,
02 748 09191300,1068,PLUM CREEK DR,4,1082,1,
02 748 07541950,1069,PLUM CREEK DR,4,1175,1,
02 748 12208750,1070,PLUM CREEK DR,4,1081,1,
02 748 01579330,1071,PLUM CREEK DR,4,1174,1,
02 748 08728300,1072,PLUM CREEK DR,4,"1079, 1080",2,
02 748 01939005,1073,PLUM CREEK DR,4,"1170, 1171",2,
02 748 03914200,1076,PLUM CREEK DR,4,1078,1,
02 748 08150100,1077,PLUM CREEK DR,4,1169,1,
02 748 02820300,1078,PLUM CREEK DR,4,1077,1,
02 748 03494350,1080,PLUM CREEK DR,4,1076,1,
02 748 12411025,1082,PLUM CREEK DR,4,1075,1,
02 748 00512300,1084,PLUM CREEK DR,4,1074,1,
02 748 06256300,1085,PLUM CREEK DR,4,"1167, 1168",2,
02 748 08191819,1086,PLUM CREEK DR,4,1073,1,
02 748 90026420,1087,PLUM CREEK DR,4,1150,1,
02 748 04359680,1089,PLUM CREEK DR,4,,1,
02 748 12380900,1090,PLUM CREEK DR,4,"1240, 1241, 1242, 1243, 1244",5,
02 748 04066000,1099,PLUM CREEK DR,4,1057,1,
02 748 00142815,809,VALLEY DR,4,1250,1,
02 748 00526300,818,VALLEY DR,4,1163,1,
02 748 01414300,823,VALLEY DR,4,1154,1,
02 748 02420713,825,VALLEY DR,4,1153,1,
02 748 03538700,817,VALLEY DR,4,1157,1,
02 748 04408905,812,VALLEY DR,4,1160,1,1160R
02 748 05153605,820,VALLEY DR,4,1164,1,
02 748 06256275,824,VALLEY DR,4,1166,1,
02 748 06542100,813,VALLEY DR,4,1159,1,
02 748 07235524,821,VALLEY DR,4,1155,1,
02 748 09318800,815,VALLEY DR,4,1158,1,
02 748 10285915,819,VALLEY DR,4,1156,1,
02 748 11652487,807,VALLEY DR,4,1251,1,
02 748 11776400,816,VALLEY DR,4,1162,1,1162R
02 748 12378800,829,VALLEY DR,4,1151,1,
02 748 12378900,827,VALLEY DR,4,1152,1,
02 748 12586000,822,VALLEY DR,4,1165,1,
02 748 90026530,804,VALLEY DR,4,"1172, 1173",1.5,Partial Lot 1173
02 748 00141200,1062,HAMPTON DR,4,1188,1,
02 748 02420710,1053,HAMPTON DR,4,1258,1,
02 748 02987315,1057,HAMPTON DR,4,1256,1,
02 748 07278600,1058,HAMPTON DR,4,1186,1,
02 748 07774500,1061,HAMPTON DR,4,1254,1,
02 748 07775600,1063,HAMPTON DR,4,1253,1,
02 748 08467700,1065,HAMPTON DR,4,1252,1,
02 748 09201018,1059,HAMPTON DR,4,1255,1,
02 748 09696400,1052,HAMPTON DR,4,1184,1,
02 748 09699900,1056,HAMPTON DR,4,1185,1,
02 748 90003879,1060,HAMPTON DR,4,1187,1,
02 748 90003880,1066,HAMPTON DR,4,1189,1,
02 748 90051683,,HAMPTON DR,4,1257,1,
02 748 00400575,803,HOLLYWOOD BLVD,4,1196,1,
02 748 03684103,834,HOLLYWOOD BLVD,4,1256,1,
02 748 04034764,830,HOLLYWOOD BLVD,4,1263,1,
02 748 04269805,819,HOLLYWOOD BLVD,4,1204,1,
02 748 05254220,808,HOLLYWOOD BLVD,4,1183,1,
02 748 08101405,804,HOLLYWOOD BLVD,4,1182,1,
02 748 08911003,805,HOLLYWOOD BLVD,4,1197,1,
02 748 09196575,832,HOLLYWOOD BLVD,4,1264,1,
02 748 09460903,821,HOLLYWOOD BLVD,4,1205,1,
02 748 09493890,807,HOLLYWOOD BLVD,4,1198,1,
02 748 09622300,825,HOLLYWOOD BLVD,4,1215,1,
02 748 09842805,809,HOLLYWOOD BLVD,4,1199,1,
02 748 10096130,820,HOLLYWOOD BLVD,4,1260,1,
02 748 10502800,816,HOLLYWOOD BLVD,4,1259,1,
02 748 10781400,823,HOLLYWOOD BLVD,4,1216,1,
02 748 10797825,828,HOLLYWOOD BLVD,4,1262,1,
02 748 10797900,824,HOLLYWOOD BLVD,4,1261,1,
02 748 11674608,836,HOLLYWOOD BLVD,4,1266,1,
02 748 11782700,800,HOLLYWOOD BLVD,4,1181,1,
02 748 10019790,811,VINE ST,4,1200,1,
02 748 03754800,813,VINE ST,4,"1201, 1202",2,
02 748 07291125,817,VINE ST,4,1203,1,
02 748 08190300,828,VALENTINE VIEW,4,"1300, 1301, 1303",3,
02 748 01643030,834,VALENTINE VIEW,4,1214,1,
02 748 01643020,835,VALENTINE VIEW,4,1220,1,
02 748 03612715,836,VALENTINE VIEW,4,1213,1,
02 748 09666000,837,VALENTINE VIEW,4,1219,1,
02 748 12796005,838,VALENTINE VIEW,4,1212,1,
02 748 12761955,840,VALENTINE VIEW,4,1211,1,
02 748 12761958,841,VALENTINE VIEW,4,1210,1,1210A
02 748 03560100,843,VALENTINE VIEW,4,1218,1,
02 748 08270450,844,VALENTINE VIEW,4,"1209, 1209",1.5,1209A
02 748 03560103,845,VALENTINE VIEW,4,1217,1,
02 748 90012077,848,VALENTINE VIEW,4,"1208, 1208",1.5,1208A
02 748 08742320,850,VALENTINE VIEW,4,1207,1,
02 748 01960723,852,VALENTINE VIEW,4,1206,1,
02 748 10688300,801,SCENIC PL,4,"1225, 1227",2,
02 748 06662800,803,SCENIC PL,4,1224,1,
02 748 07972353,805,SCENIC PL,4,1223,1,
02 748 10688700,806,SCENIC PL,4,1228,1,
02 748 07623004,807,SCENIC PL,4,1222,1,
02 748 03229400,809,SCENIC PL,4,1221,1,
02 748 11217200,1000,STONEY LN,4,1213,1,
02 748 08601600,1001,STONEY LN,4,1302,1,
02 748 08376500,1002,STONEY LN,4,1311,1,
02 748 08376600,1004,STONEY LN,4,1310,1,
02 748 11944100,1006,STONEY LN,4,1309,1,
02 748 09239700,1008,STONEY LN,4,1308,1,
02 748 10293525,1009,STONEY LN,4,1304,1,
02 748 06210800,1010,STONEY LN,4,1307,1,
02 748 10293900,1012,STONEY LN,4,1306,1,
02 748 03319600,1013,STONEY LN,4,1305,1,
02 748 00288900,1114,1114 RIDGE PL,4,"1114, 1115",2,
02 748 06686450,1117,RIDGE PL,4,1117,1,
02 748 06686500,1118,RIDGE PL,4,1118,1,
02 748 07669900,1113,RIDGE PL,4,1113,1,
02 748 07747625,1116,RIDGE PL,4,1116,1,
02 748 08807660,1120,RIDGE PL,4,1120,1,
02 748 08807665,,RIDGE PL,4,1121,0.5,Partial Lot 1121
02 748 09938600,1112,RIDGE PL,4,1112,1,
02 748 10158400,1123,RIDGE PL,4,"1123, 1124",2,
02 748 11648705,,RIDGE PL,4,1121,0.5,Partial Lot 1121
02 748 11652280,1122,RIDGE PL,4,1122,1,
02 748 90010018,1119,RIDGE PL,4,1119,0.5,Partial Lot 1119
02 748 90010019,,RIDGE PL,4,1119,0.5,Partial Lot 1119
02 748 00284200,1008,WALLACE RD,4,1128,1,
02 748 02221733,1004,WALLACE RD,4,1126,1,
02 748 03029600,1019,WALLACE RD,4,1178,1,
02 748 03231024,1015,WALLACE RD,4,1180,1,
02 748 03566100,1002,WALLACE RD,4,1125,1,
02 748 03676100,1012,WALLACE RD,4,1130,1,
02 748 04244000,1017,WALLACE RD,4,1179,1,
02 748 05067577,1006,WALLACE RD,4,1127,1,
02 748 09193860,1003,WALLACE RD,4,1193,1,
02 748 10119200,1010,WALLACE RD,4,1129,1,
02 748 11567480,1007,WALLACE RD,4,1195,1,
02 748 11685500,1020,WALLACE RD,4,1134,1,
02 748 11708300,1016,WALLACE RD,4,"1131, 1132",2,
02 748 11710600,1001,WALLACE RD,4,1192,1,
02 748 11776500,1018,WALLACE RD,4,1133,1,
02 748 11813305,1021,WALLACE RD,4,1177,1,
02 748 12349450,1005,WALLACE RD,4,1194,1,
02 748 12791410,1022,WALLACE RD,4,1135,1,
02 748 01955805,629,EVERGREEN RD,5,942,1,
02 748 06287380,624,EVERGREEN RD,5,880,1,
02 748 07030402,623,EVERGREEN RD,5,927,1,
02 748 07394800,630,EVERGREEN RD,5,700,1,
02 748 07394810,628,EVERGREEN RD,5,701,1,
02 748 07530475,621,EVERGREEN RD,5,"926, 925",1.5,Partial Lot 925
02 748 08003520,627,EVERGREEN RD,5,941,1,
02 748 10124980,620,EVERGREEN RD,5,878,1,
02 748 11341355,622,EVERGREEN RD,5,879,1,
02 748 11941525,626,EVERGREEN RD,5,702,1,
02 748 90002827,619,EVERGREEN RD,5,"924, 925",1.5,Partial Lot 925
02 748 09847800,1120,CHINABERRY LN,5,889,1,
02 748 02039800,1121,CHINABERRY LN,5,877,1,
02 748 07104000,1123,CHINABERRY LN,5,876,1,
02 748 03980600,1125,CHINABERRY LN,5,875,1,
02 748 02363200,1127,CHINABERRY LN,5,874,1,
02 748 12686100,1129,CHINABERRY LN,5,873,1,
02 748 04218300,1130,CHINABERRY LN,5,906,1,
02 748 11843100,1131,CHINABERRY LN,5,872,1,
02 748 04208300,1132,CHINABERRY LN,5,907,1,
02 748 01863530,1133,CHINABERRY LN,5,871,1,
02 748 10159906,1134,CHINABERRY LN,5,908,1,
02 748 10203307,1135,CHINABERRY LN,5,870,1,
02 748 00348610,1136,CHINABERRY LN,5,909,1,Partial Lot 909
02 748 90216536,,SIMMS LANDING RD,5,,0.5,
02 748 08238426,600,SIMMS LANDING RD,5,899,1,
02 748 90102759,601,SIMMS LANDING RD,5,898,1,
02 748 08238200,602,SIMMS LANDING RD,5,900,1,
02 748 03443500,603,SIMMS LANDING RD,5,897,1,897R
02 748 08238427,604,SIMMS LANDING RD,5,901,1,
02 748 04164075,605,SIMMS LANDING RD,5,"895, 896",2,
02 748 04146175,606,SIMMS LANDING RD,5,902,1,
02 748 02346405,608,SIMMS LANDING RD,5,903,1,
02 748 07656650,609,SIMMS LANDING RD,5,894,1,
02 748 08324478,610,SIMMS LANDING RD,5,904,1,
02 748 08251700,611,SIMMS LANDING RD,5,893,1,
02 748 03036550,612,SIMMS LANDING RD,5,905,1,
02 748 08252000,615,SIMMS LANDING RD,5,"891, 892",2,
02 748 11061400,617,SIMMS LANDING RD,5,890,1,
02 748 07407800,1100,OAK VIEW DR,5,932,1,
02 748 08601593,1101,OAK VIEW DR,5,933,1,
02 748 01642662,1103,OAK VIEW DR,5,934,1,
02 748 09318500,1104,OAK VIEW DR,5,931,1,
02 748 11674600,1105,OAK VIEW DR,5,935,1,
02 748 09847200,1107,OAK VIEW DR,5,936,1,
02 748 06504500,1108,OAK VIEW DR,5,930,1,
02 748 09847300,1109,OAK VIEW DR,5,937,1,
02 748 03224200,1112,OAK VIEW DR,5,929,1,
02 748 07668500,1113,OAK VIEW DR,5,"938, 939",2,
02 748 01957200,1115,OAK VIEW DR,5,940,1,
02 748 03873963,1116,OAK VIEW DR,5,928,1,
02 748 00103570,1122,OAK VIEW DR,5,881,1,
02 748 11941550,1123,OAK VIEW DR,5,703,1,
02 748 00102950,1124,OAK VIEW DR,5,882,1,
02 748 00281820,1125,OAK VIEW DR,5,704,1,
02 748 02392682,1126,OAK VIEW DR,5,883,1,
02 748 02831500,1128,OAK VIEW DR,5,884,1,
02 748 08543800,1129,OAK VIEW DR,5,852,1,
02 748 02831628,1130,OAK VIEW DR,5,885,1,
02 748 06754200,1131,OAK VIEW DR,5,851,1,
02 748 07056700,1132,OAK VIEW DR,5,886,1,
02 748 11406900,1133,OAK VIEW DR,5,850,1,
02 748 09572710,1134,OAK VIEW DR,5,887,1,
02 748 09493816,1135,OAK VIEW DR,5,849,1,
02 748 06541900,1137,OAK VIEW DR,5,848,1,
02 748 06594707,1138,OAK VIEW DR,5,888,1,
02 748 02455600,1139,OAK VIEW DR,5,847,1,
02 748 10506200,1141,OAK VIEW DR,5,846,1,
02 748 09691800,1143,OAK VIEW DR,5,845,1,
02 748 10705440,1145,OAK VIEW DR,5,844,1,
02 748 90004202,1146,OAK VIEW DR,5,"910, 909",1.5,Partial Lot 909
02 748 07547900,1147,OAK VIEW DR,5,843,1,
02 748 00476800,1148,OAK VIEW DR,5,911,1,
02 748 08238420,1149,OAK VIEW DR,5,842,1,
02 748 08238425,1150,OAK VIEW DR,5,912,1,
02 748 08238500,1151,OAK VIEW DR,5,841,1,
02 748 08238000,1152,OAK VIEW DR,5,913,1,913R
02 748 08238300,1154,OAK VIEW DR,5,914,1,914R
02 748 11838200,1155,OAK VIEW DR,5,840,1,
02 748 08238100,1156,OAK VIEW DR,5,915,1,915R
02 748 01535400,1158,OAK VIEW DR,5,916,1,
02 748 10848305,1159,OAK VIEW DR,5,839,1,
02 748 12791500,1160,OAK VIEW DR,5,917,1,
02 748 06569536,1162,OAK VIEW DR,5,918,1,
02 748 04131200,1163,OAK VIEW DR,5,838,1,
02 748 08238205,1164,OAK VIEW DR,5,919,1,
02 748 03078700,1166,OAK VIEW DR,5,920,1,
02 748 03569404,1168,OAK VIEW DR,5,921,1,
02 748 12079070,603,CEDARWOOD LN,5,869,1,
02 748 12790700,605,CEDARWOOD LN,5,868,1,
02 748 11909900,607,CEDARWOOD LN,5,867,1,
02 748 11909600,609,CEDARWOOD LN,5,866,1,
02 748 03349400,610,CEDARWOOD LN,5,783,1,
02 748 10111400,611,CEDARWOOD LN,5,865,1,
02 748 02030000,612,CEDARWOOD LN,5,784,1,
02 748 00423800,613,CEDARWOOD LN,5,864,1,
02 748 08149600,615,CEDARWOOD LN,5,863,1,
02 748 03964100,616,CEDARWOOD LN,5,"785, 786",2,
02 748 03569250,617,CEDARWOOD LN,5,862,1,
02 748 11323300,618,CEDARWOOD LN,5,787,1,
02 748 10989360,619,CEDARWOOD LN,5,861,1,
02 748 09453505,620,CEDARWOOD LN,5,788,1,
02 748 06614200,621,CEDARWOOD LN,5,860,1,
02 748 08807655,622,CEDARWOOD LN,5,789,1,
02 748 05129600,623,CEDARWOOD LN,5,859,1,
02 748 08851720,624,CEDARWOOD LN,5,790,1,
02 748 05175900,625,CEDARWOOD LN,5,858,1,
02 748 02717600,626,CEDARWOOD LN,5,791,1,
02 748 12078250,627,CEDARWOOD LN,5,857,1,
02 748 08692600,1149,BLUE BIRD LN,5,804,1,
02 748 03684100,1151,BLUE BIRD LN,5,803,1,
02 748 09597300,1152,BLUE BIRD LN,5,777,1,
02 748 11645600,1153,BLUE BIRD LN,5,802,1,
02 748 11412511,1154,BLUE BIRD LN,5,776,1,
02 748 03231900,1155,BLUE BIRD LN,5,805,1,
02 748 03391626,1156,BLUE BIRD LN,5,775,1,
02 748 02543850,1158,BLUE BIRD LN,5,774,1,
02 748 02455610,1159,BLUE BIRD LN,5,"836, 837",2,
02 748 10088040,1160,BLUE BIRD LN,5,773,1,
02 748 11394820,1161,BLUE BIRD LN,5,835,1,
02 748 90005275,1162,BLUE BIRD LN,5,772,1,
02 748 04720065,1163,BLUE BIRD LN,5,834,1,
02 748 90005276,1164,BLUE BIRD LN,5,771,1,
02 748 10560200,1165,BLUE BIRD LN,5,764,1,
02 748 11321100,1166,BLUE BIRD LN,5,770,1,
02 748 07927298,1167,BLUE BIRD LN,5,765,1,
02 748 01525300,1169,BLUE BIRD LN,5,766,1,
02 748 06542055,1170,BLUE BIRD LN,5,768,1,
02 748 10059800,1171,BLUE BIRD LN,5,767,1,
02 748 07775700,604,ECHO COVE DR,5,761,1,
02 748 03351600,605,ECHO COVE DR,5,833,1,
02 748 09572650,606,ECHO COVE DR,5,760,1,
02 748 11438400,608,ECHO COVE DR,5,759,1,
02 748 04259250,610,ECHO COVE DR,5,758,1,
02 748 06655600,612,ECHO COVE DR,5,757,1,
02 748 03351500,613,ECHO COVE DR,5,"831, 832",2,
02 748 06569760,614,ECHO COVE DR,5,"756, 755",1.5,Partial Lot 755
02 748 06742720,617,ECHO COVE DR,5,830,1,
02 748 90011060,620,ECHO COVE DR,5,754,1,
02 748 02344300,621,ECHO COVE DR,5,829,1,
02 748 02312600,622,ECHO COVE DR,5,753,1,
02 748 11228245,625,ECHO COVE DR,5,828,1,
02 748 10506700,626,ECHO COVE DR,5,752,1,
02 748 08543830,627,ECHO COVE DR,5,827,1,
02 748 10270770,628,ECHO COVE DR,5,751,1,
02 748 04752010,629,ECHO COVE DR,5,826,1,
02 748 09453700,630,ECHO COVE DR,5,750,1,
02 748 08923500,631,ECHO COVE DR,5,825,1,
02 748 11813015,632,ECHO COVE DR,5,749,1,
02 748 04395615,633,ECHO COVE DR,5,824,1,
02 748 10951155,634,ECHO COVE DR,5,748,1,
02 748 03763816,635,ECHO COVE DR,5,823,1,
02 748 08524610,636,ECHO COVE DR,5,747,1,
02 748 10295600,637,ECHO COVE DR,5,822,1,
02 748 11336250,638,ECHO COVE DR,5,746,1,
02 748 06255900,639,ECHO COVE DR,5,821,1,
02 748 06765942,640,ECHO COVE DR,5,745,1,
02 748 12791415,641,ECHO COVE DR,5,820,1,
02 748 04830180,642,ECHO COVE DR,5,"743, 744",2,
02 748 10393700,646,ECHO COVE DR,5,742,1,
02 748 11036200,648,ECHO COVE DR,5,741,1,
02 748 07712615,649,ECHO COVE DR,5,729,1,
02 748 09667532,650,ECHO COVE DR,5,"739, 740",1,
02 748 03610750,654,ECHO COVE DR,5,732,1,
02 748 04298153,656,ECHO COVE DR,5,731,1,
02 748 04146172,658,ECHO COVE DR,5,,1,
02 748 90020048,620,MAPLE HILL LN,5,735,1,
02 748 90028915,621,MAPLE HILL LN,5,736,1,
02 748 01482500,622,MAPLE HILL LN,5,734,1,
02 748 06809210,623,MAPLE HILL LN,5,737,1,
02 748 07635658,624,MAPLE HILL LN,5,733,1,
02 748 06809200,625,MAPLE HILL LN,5,738,1,
02 748 02911233,1139,CLAIRE RD,5,705,1,
02 748 07798000,1141,CLAIRE RD,5,706,1,
02 748 10116403,1143,CLAIRE RD,5,707,1,
02 748 10116404,1145,CLAIRE RD,5,708,1,
02 748 08199851,1146,CLAIRE RD,5,853,1,
02 748 04679600,1147,CLAIRE RD,5,709,1,
02 748 00348600,1149,CLAIRE RD,5,710,1,
02 748 01643049,1150,CLAIRE RD,5,854,1,
02 748 11265980,1151,CLAIRE RD,5,711,1,
02 748 02385925,1152,CLAIRE RD,5,855,1,
02 748 08329600,1153,CLAIRE RD,5,712,1,
02 748 03153580,1154,CLAIRE RD,5,856,1,
02 748 04307800,1155,CLAIRE RD,5,713,1,
02 748 00271030,1157,CLAIRE RD,5,714,1,
02 748 04989630,1159,CLAIRE RD,5,715,1,
02 748 01535950,1161,CLAIRE RD,5,716,1,
02 748 01630300,1163,CLAIRE RD,5,"717, 718",2,
02 748 06414806,1166,CLAIRE RD,5,792,1,
02 748 12429950,1167,CLAIRE RD,5,719,1,
02 748 09559130,1168,CLAIRE RD,5,793,1,
02 748 01948830,1169,CLAIRE RD,5,720,1,
02 748 02221752,1171,CLAIRE RD,5,721,1,
02 748 02530350,1173,CLAIRE RD,5,"722, 723",2,
02 748 00051700,1178,CLAIRE RD,5,816,1,
02 748 07070300,1179,CLAIRE RD,5,"724, 725",2,
02 748 08217250,1180,CLAIRE RD,5,817,1,
02 748 01137300,1181,CLAIRE RD,5,726,1,
02 748 04328400,1182,CLAIRE RD,5,818,1,
02 748 90001202,1183,CLAIRE RD,5,727,1,
02 748 12791425,1184,CLAIRE RD,5,819,1,
02 748 90001201,1185,CLAIRE RD,5,728,1,
02 748 08543900,602,TOPLAND DR,5,806,1,
02 748 08543910,604,TOPLAND DR,5,807,1,
02 748 04264075,606,TOPLAND DR,5,808,1,
02 748 12285500,607,TOPLAND DR,5,801,1,
02 748 11382000,608,TOPLAND DR,5,"809, 810",2,
02 748 12317400,609,TOPLAND DR,5,800,1,
02 748 10599200,611,TOPLAND DR,5,799,1,
02 748 11387500,612,TOPLAND DR,5,811,1,
02 748 10460510,613,TOPLAND DR,5,798,1,
02 748 07226809,614,TOPLAND DR,5,"812, 813",2,
02 748 01449005,615,TOPLAND DR,5,797,1,
02 748 08661505,617,TOPLAND DR,5,796,1,
02 748 12335200,618,TOPLAND DR,5,814,1,
02 748 08661525,619,TOPLAND DR,5,795,1,
02 748 04424280,620,TOPLAND DR,5,815,1,
02 748 11306115,621,TOPLAND DR,5,794,1,
